Process,P0,P1,P2,P3,P4,P5,P6,P7,w,L
P0,100,0,0,0,0,0,0,0,1.901200771,190.1200771
P1,0,100,0,0,0,0,0,0,1.8886241912000004,188.86241912000003
P2,0,0,100,0,0,0,0,0,6.567785739799999,656.7785739799999
P3,0,0,0,100,0,0,0,0,6.595530033,659.5530033
P4,0,0,0,0,100,0,0,0,14.677131652999998,1467.7131653
P5,0,0,0,0,0,100,0,0,47.4060668946,4740.60668946
P6,0,0,0,0,0,0,100,0,71.7166900636,7171.66900636
P7,0,0,0,0,0,0,0,100,103.20939207059999,10320.939207059999
