Process,P0,P1,P2,P3,w,L
P0,100,0,0,0,1.8759217261999999,187.59217261999999
P1,0,100,0,0,1.96682024,196.682024
P2,0,0,100,0,14.859985828200001,1485.9985828200001
P3,0,0,0,100,103.22682476039999,10322.68247604
