Testcase,greedy,kk,proactlb,qubo1_cqm_k1,qubo1_cqm_k2,qubo2_cqm_k1,qubo2_cqm_k2
C0,0.0001,0.00006,0.00746,0.00746,0.00138,0.007,0.003
C1,0.0003,0.0003,0.0094,0.00781,0.00028,0.035,0.001
C2,0.00061,0.00059,0.02007,0.00802,0.00018,0.166,0.062
C3,0.00051,0.00033,0.13807,0.13807,0.00036,0.11,0.001
C4,0.00029,0.00029,0.11463,0.05904,0.00047,0.412,0.001