Testcase,greedy,kk,proactlb,gurobi,qubo_cqm_k1,qubo_cqm_k2
C0,1.01838,1.01842,1.01093,0.00000,1.01093,1.01707
C1,2.96324,2.96324,2.93653,0.00000,2.94118,2.96331
C2,3.64087,3.64094,3.57143,0.00000,3.61411,3.64245
C3,4.96322,4.96411,4.36332,0.00000,4.36332,4.96398
C4,4.41137,4.41137,3.95888,0.00000,4.16667,4.41058
				