Testcase,greedy,kk,proactlb,gurobi,qubo_cqm,qubo_qaoa
C0,1.01838,1.01842,1.01093,0.00000,0.00000,0.00000
C1,2.96324,2.96324,2.93653,0.00000,0.00000,0.00000
C2,3.64087,3.64094,3.57143,0.00000,0.00000,0.00000
C3,4.96322,4.96411,4.36332,0.00000,0.00000,0.00000
C4,4.41137,4.41137,3.95888,0.00000,0.00000,0.00000
