num_procs,greedy,kk,proactlb,gurobi,qubo_cqm_k1,qubo_cqm_k2
4,0.0,0.0,0.01593,0.0,0.00026,0.00001
8,0.00019,0.00019,0.00786,0.0,0.00083,0.00011
16,0.00019,0.00013,0.01273,0.0,0.00084,0.00022
32,0.00028,4e-05,0.01603,0.0,0.0,0.0
64,0.0001,0.0,0.02167,0.0,0.0,0.0
