num_procs,greedy,kk,proactlb,gurobi,qubo_cqm_k1,qubo_cqm_k2
4,3.38644,3.38644,3.33333,0.0,3.38558,3.38643
8,3.25056,3.25056,3.22581,0.0,3.24846,3.25082
16,2.99343,2.99359,2.95636,0.0,2.99149,2.99332
32,3.40773,3.40856,3.35489,0.0,0.0,0.0
64,5.55787,5.55845,5.44057,0.0,0.0,0.0
