num_procs,greedy,kk,proact2,gurobi,qubo_cqm_k1,qubo_cqm_k2
4,0.0,0.0,0.01593,0.0,0.0,0.0
8,0.00019,0.00019,0.00786,0.0,0.0,0.0
16,0.00019,0.00013,0.01273,0.0,0.0,0.0
32,0.00028,4e-05,0.01603,0.0,0.0,0.0
64,0.0001,0.0,0.02167,0.0,0.0,0.0
