num_tasks,greedy,kk,proactlb,gurobi,qubo_cqm_k1,qubo_cqm_k2
8,3.31372,3.31372,2.91275,0.0,0.0,0.0
16,3.3645,3.3645,3.05172,0.0,0.0,0.0
32,3.25691,3.25691,3.15149,0.0,0.0,0.0
64,3.28373,3.28373,3.20098,0.0,0.0,0.0
128,3.27285,3.27285,3.25181,0.0,0.0,0.0
256,3.29229,3.29229,3.28205,0.0,0.0,0.0
512,3.286,3.286,3.27616,0.0,0.0,0.0
1024,3.2961,3.2961,3.2926,0.0,0.0,0.0
2048,3.28651,3.28651,3.2846,0.0,0.0,0.0
