num_tasks,greedy,kk,proactlb,qubo1_cqm_k1,qubo1_cqm_k2,qubo2_cqm_k1,qubo2_cqm_k2
8,0.00001,0.00001,0.13766,0.1377,0.0029,0.1377,0.0011
16,0.00001,0.00001,0.1025,0.0012,0.0004,0.0016,0.0006
32,0.00001,0.00001,0.03345,0.0335,0.0003,0.0335,0.0005
64,0.00001,0.00001,0.02585,0.0259,0.0002,0.1450,0.0003
128,0.00001,0.00001,0.00647,0.0003,0.0001,0.1691,0.0001
256,0.00001,0.00001,0.00312,0.0027,0.0001,0.6461,0.0001
512,0.00001,0.00001,0.003,0.005,0.00001,0.2990,0.0001
1024,0.00001,0.00001,0.00106,0.0005,0.00001,0.5460,0.0001
2048,0.00001,0.00001,0.00058,0.0051,0.00001,0.6433,0.0001