Process,P0,P1,P2,P3,P4,P5,P6,P7,w,L
P0,208,0,0,0,0,0,0,0,20.084208788764425,4177.515428063
P1,0,208,0,0,0,0,0,0,47.876210166850974,9958.251714705002
P2,0,0,208,0,0,0,0,0,83.6663897450048,17402.609066961
P3,0,0,0,208,0,0,0,0,82.19593539834133,17096.754562854996
P4,0,0,0,0,208,0,0,0,48.09912829447115,10004.61868525
P5,0,0,0,0,0,208,0,0,20.18846350221154,4199.20040846
P6,0,0,0,0,0,0,208,0,11.15016544091827,2319.234411711
P7,0,0,0,0,0,0,0,208,11.146471408725962,2318.466053015
