Process,P0,P1,P2,P3,P4,P5,P6,P7,w,L
P0,208,0,0,0,0,0,0,0,10.186193745855771,2118.7282991380002
P1,0,208,0,0,0,0,0,0,23.800017260610577,4950.403590207
P2,0,0,208,0,0,0,0,0,41.14735135662981,8558.649082179001
P3,0,0,0,208,0,0,0,0,41.10760654394713,8550.382161141002
P4,0,0,0,0,208,0,0,0,24.03659530558173,4999.611823561
P5,0,0,0,0,0,208,0,0,10.251335994519232,2132.2778868600003
P6,0,0,0,0,0,0,208,0,5.624902981971155,1169.97982025
P7,0,0,0,0,0,0,0,208,5.593690184456731,1163.487558367
