Process,P0,P1,P2,P3,P4,P5,P6,P7,num_total,num_local,num_remote,L
P0,24,0,0,0,0,0,0,0,24,24,0,1718.19445
P1,0,50,0,0,0,0,0,0,50,50,0,2396.32564
P2,8,0,50,0,0,0,0,0,58,50,8,1334.61803
P3,0,0,0,50,0,0,0,0,50,50,0,1457.6087
P4,0,0,0,0,50,0,0,16,66,50,16,1734.1607
P5,18,0,0,0,0,50,0,1,69,50,19,1713.16875
P6,0,0,0,0,0,0,50,16,66,50,16,1734.82369
P7,0,0,0,0,0,0,0,17,17,17,0,1742.4084
