Process,P0,P1,P2,P3,P4,P5,P6,P7,num_total,num_local,num_remote,L
P0,50,0,0,0,0,0,0,0,50,50,0,2258.8493824
P1,0,49,0,0,0,0,0,0,49,49,0,2283.7296523804
P2,0,0,50,0,0,0,0,0,50,50,0,2315.0248527599997
P3,0,0,0,50,0,0,0,0,50,50,0,2291.32475854
P4,0,0,0,0,50,0,0,0,50,50,0,2286.8210315799997
P5,0,0,0,0,0,50,0,0,50,50,0,2282.9660892399997
P6,0,0,0,0,0,0,50,0,50,50,0,2281.69493676
P7,0,1,0,0,0,0,0,50,51,50,1,2304.1469058996
