Process,P0,P1,P2,P3,P4,P5,P6,P7,w,L
P0,2048,0,0,0,0,0,0,0,1.9837668165527345,4062.7544403
P1,0,2048,0,0,0,0,0,0,28.015783545556644,57376.32470130001
P2,0,0,2048,0,0,0,0,0,6.384736136533204,13075.939607620001
P3,0,0,0,2048,0,0,0,0,14.67988463118164,30064.40372466
P4,0,0,0,0,2048,0,0,0,46.59928139299805,95435.32829286001
P5,0,0,0,0,0,2048,0,0,1.9242299487890624,3940.82293512
P6,0,0,0,0,0,0,2048,0,102.31733580585937,209545.9037304
P7,0,0,0,0,0,0,0,2048,47.15477772987305,96572.98479078
