Process,P0,P1,P2,P3,P4,P5,P6,P7,num_total,num_local,num_remote,L
P0,32,0,0,0,0,0,9,0,41,32,9,991.7826
P1,0,32,0,0,2,0,0,0,34,32,2,1023.11006
P2,0,0,32,0,0,0,4,8,44,32,12,1004.77721
P3,0,0,0,32,8,0,0,3,43,32,11,1014.03697
P4,0,0,0,0,22,0,0,0,22,22,0,1050.34046
P5,0,0,0,0,0,32,9,0,41,32,9,992.10875
P6,0,0,0,0,0,0,10,0,10,10,0,1034.41776
P7,0,0,0,0,0,0,0,21,21,21,0,1020.17308
