Process,P0,P1,P2,P3,P4,P5,P6,P7,w,L
P0,50,0,0,0,0,0,0,0,45.176987648,2258.8493824
P1,0,50,0,0,0,0,0,0,46.6067275996,2330.33637998
P2,0,0,50,0,0,0,0,0,46.3004970552,2315.0248527599997
P3,0,0,0,50,0,0,0,0,45.8264951708,2291.32475854
P4,0,0,0,0,50,0,0,0,45.7364206316,2286.8210315799997
P5,0,0,0,0,0,50,0,0,45.659321784799985,2282.9660892399993
P6,0,0,0,0,0,0,50,0,45.6338987352,2281.69493676
P7,0,0,0,0,0,0,0,50,45.15080356599999,2257.5401782999998
