Process,P0,P1,P2,P3,P4,P5,P6,P7,w,L
P0,50,0,0,0,0,0,0,0,1.9271221156000002,96.35610578000001
P1,0,50,0,0,0,0,0,0,6.441832541999999,322.0916271
P2,0,0,50,0,0,0,0,0,1.9111423495999997,95.55711747999999
P3,0,0,0,50,0,0,0,0,15.3542757032,767.71378516
P4,0,0,0,0,50,0,0,0,1.9068326951999999,95.34163475999999
P5,0,0,0,0,0,50,0,0,28.8048992156,1440.24496078
P6,0,0,0,0,0,0,50,0,6.6278018952,331.39009476
P7,0,0,0,0,0,0,0,50,103.061703682,5153.0851841
