Process,P0,P1,P2,P3,P4,P5,P6,P7,w,L
P0,50,0,0,0,0,0,0,0,71.5914354328,3579.57177164
P1,0,50,0,0,0,0,0,0,47.9265127184,2396.32563592
P2,0,0,50,0,0,0,0,0,15.237730979599998,761.8865489799999
P3,0,0,0,50,0,0,0,0,29.152173996000005,1457.6086998000003
P4,0,0,0,0,50,0,0,0,1.8849382396,94.24691198000001
P5,0,0,0,0,0,50,0,0,6.440566062800001,322.02830314000005
P6,0,0,0,0,0,0,50,0,1.8981981280000002,94.90990640000001
P7,0,0,0,0,0,0,0,50,102.49461174,5124.730587
