Process,P0,P1,P2,P3,P4,P5,P6,P7,w,L
P0,50,0,0,0,0,0,0,0,103.7380704876,5186.90352438
P1,0,50,0,0,0,0,0,0,6.404147148,320.2073574
P2,0,0,50,0,0,0,0,0,1.9201850891999999,96.00925446
P3,0,0,0,50,0,0,0,0,6.5377655028,326.88827514
P4,0,0,0,0,50,0,0,0,1.8951625823999998,94.75812911999999
P5,0,0,0,0,0,50,0,0,1.9276885987999999,96.38442993999999
P6,0,0,0,0,0,0,50,0,1.9227590563999999,96.13795282
P7,0,0,0,0,0,0,0,50,103.45651531239999,5172.825765619999
