Process,P0,P1,P2,P3,P4,P5,P6,P7,w,L
P0,50,0,0,0,0,0,0,0,1.8935146336,94.67573168
P1,0,50,0,0,0,0,0,0,1.9087123872,95.43561936
P2,0,0,50,0,0,0,0,0,103.1967535016,5159.83767508
P3,0,0,0,50,0,0,0,0,1.8850421908000001,94.25210954
P4,0,0,0,0,50,0,0,0,1.9863452912,99.31726456
P5,0,0,0,0,0,50,0,0,1.9074010848,95.37005424
P6,0,0,0,0,0,0,50,0,72.4087791444,3620.4389572200002
P7,0,0,0,0,0,0,0,50,1.9052782059999998,95.26391029999999
